{
    "restaurants": [
        { "id": 1, "name": "La Maison de la Gastronomie", "description": "A luxurious dining experience with a variety of international cuisines.", "image": "https://example.com/assets/restaurant1.jpg", "location": "Downtown Yaoundé" },
        { "id": 2, "name": "Bistro Yaoundé", "description": "Cozy bistro offering local and continental dishes.", "image": "https://example.com/assets/restaurant2.jpg", "location": "Bastos" },
        { "id": 3, "name": "Le Gourmet", "description": "Fine dining restaurant known for its exquisite French dishes.", "image": "https://example.com/assets/restaurant3.jpg", "location": "Yaoundé Central" },
        { "id": 4, "name": "L'Authentique", "description": "Authentic Cameroonian cuisine with a homey atmosphere.", "image": "https://example.com/assets/restaurant4.jpg", "location": "Mfoundi" },
        { "id": 5, "name": "Café Delights", "description": "Charming café with a selection of pastries and coffee.", "image": "https://example.com/assets/restaurant5.jpg", "location": "Ngousso" },
        { "id": 6, "name": "The Seafood Spot", "description": "Fresh seafood and a variety of fish dishes.", "image": "https://example.com/assets/restaurant6.jpg", "location": "Obili" },
        { "id": 7, "name": "Spice Haven", "description": "Restaurant specializing in spicy and flavorful dishes.", "image": "https://example.com/assets/restaurant7.jpg", "location": "Biyem-Assi" },
        { "id": 8, "name": "Urban Eats", "description": "Modern eatery with a trendy menu and great ambiance.", "image": "https://example.com/assets/restaurant8.jpg", "location": "Yaoundé North" },
        { "id": 9, "name": "Taste of Africa", "description": "Offers traditional African dishes with a modern twist.", "image": "https://example.com/assets/restaurant9.jpg", "location": "Djoungolo" },
        { "id": 10, "name": "Grill Master", "description": "Specializes in grilled meats and barbecue.", "image": "https://example.com/assets/restaurant10.jpg", "location": "Ekounou" },
        { "id": 11, "name": "The Italian Bistro", "description": "Italian cuisine with a range of pasta and pizza options.", "image": "https://example.com/assets/restaurant11.jpg", "location": "Messa" },
        { "id": 12, "name": "Vegan Delight", "description": "Plant-based meals and vegan-friendly options.", "image": "https://example.com/assets/restaurant12.jpg", "location": "Yaoundé South" },
        { "id": 13, "name": "Sushi Corner", "description": "Japanese restaurant offering sushi and sashimi.", "image": "https://example.com/assets/restaurant13.jpg", "location": "Nkoabang" },
        { "id": 14, "name": "Pasta Paradise", "description": "Delicious pasta dishes with a variety of sauces.", "image": "https://example.com/assets/restaurant14.jpg", "location": "Yaoundé West" },
        { "id": 15, "name": "The Pancake House", "description": "Casual spot for breakfast with a range of pancakes and waffles.", "image": "https://example.com/assets/restaurant15.jpg", "location": "Ngoketunjia" },
        { "id": 16, "name": "Sizzling Wok", "description": "Asian cuisine with a focus on stir-fried dishes.", "image": "https://example.com/assets/restaurant16.jpg", "location": "Akwa" },
        { "id": 17, "name": "The Deli", "description": "Sandwiches, salads, and deli-style fare.", "image": "https://example.com/assets/restaurant17.jpg", "location": "Makary" },
        { "id": 18, "name": "Mexican Fiesta", "description": "Mexican restaurant with tacos, burritos, and more.", "image": "https://example.com/assets/restaurant18.jpg", "location": "Nkongmondo" },
        { "id": 19, "name": "Mediterranean Flavors", "description": "Mediterranean dishes with fresh ingredients and vibrant flavors.", "image": "https://example.com/assets/restaurant19.jpg", "location": "Yoaundé" },
        { "id": 20, "name": "The Royal Buffet", "description": "All-you-can-eat buffet with a wide range of dishes.", "image": "https://example.com/assets/restaurant20.jpg", "location": "Yaoundé City Center" },
        { "id": 21, "name": "Café du Parc", "description": "Elegant café overlooking a beautiful park.", "image": "https://example.com/assets/restaurant21.jpg", "location": "Central Yaoundé" },
        { "id": 22, "name": "Brasserie du Marché", "description": "A bustling brasserie with fresh market ingredients.", "image": "https://example.com/assets/restaurant22.jpg", "location": "Marché de Mokolo" },
        { "id": 23, "name": "Tandoori Palace", "description": "Indian restaurant known for its tandoori dishes.", "image": "https://example.com/assets/restaurant23.jpg", "location": "Bastos" },
        { "id": 24, "name": "The Sushi Bar", "description": "Authentic sushi and Japanese cuisine.", "image": "https://example.com/assets/restaurant24.jpg", "location": "Yaoundé Center" },
        { "id": 25, "name": "Burger Haven", "description": "Gourmet burgers and fast food favorites.", "image": "https://example.com/assets/restaurant25.jpg", "location": "Nkongsamba" },
        { "id": 26, "name": "La Terrasse", "description": "Outdoor dining with a great view.", "image": "https://example.com/assets/restaurant26.jpg", "location": "Yaoundé South" },
        { "id": 27, "name": "Chopsticks", "description": "Chinese restaurant with a wide selection of dishes.", "image": "https://example.com/assets/restaurant27.jpg", "location": "Ekounou" },
        { "id": 28, "name": "Flavors of the Orient", "description": "Exotic dishes from various Asian countries.", "image": "https://example.com/assets/restaurant28.jpg", "location": "Yaoundé North" },
        { "id": 29, "name": "The Bistro Lounge", "description": "Lounge atmosphere with a diverse menu.", "image": "https://example.com/assets/restaurant29.jpg", "location": "Yaoundé West" },
        { "id": 30, "name": "Cravings Café", "description": "Casual café with comfort food and great coffee.", "image": "https://example.com/assets/restaurant30.jpg", "location": "Downtown Yaoundé" }
    ]
}
